{"to_principal_plane": [[0.9869701977901323, -0.15248269230387018, -0.05136980846635992], [-0.07423725456357812, -0.14828846825157452, -0.9861538217836324], [-0.14275383955946594, -0.977117986085286, 0.15767619528535465]], "to_mapillary": {"rotation": [[-0.6459329735518593, -0.7633941273539198, 0.0], [-0.7633941273539198, 0.6459329735518593, 0.0], [0.0, 0.0, 1.0]], "scaling_factor_sfm_to_gps": 0.0001627426060359592, "translation": [[2.3778469345704765, 48.89904234339173, 0.0]]}, "to_flatlandia": 0.0033780547666424354}