{"to_principal_plane": [[-0.12336676496862638, -0.9922497176393339, 0.014870747991876135], [-0.15733514531095946, 0.03435282077312378, 0.9869475851102273], [-0.9798093147909724, 0.11941683947246202, -0.16035374987587042]], "to_mapillary": {"rotation": [[-0.9377590323600867, -0.347286621146099, 0.0], [-0.347286621146099, 0.9377590323600871, 0.0], [0.0, 0.0, 1.0]], "scaling_factor_sfm_to_gps": 0.0001184734946080107, "translation": [[2.374211432157007, 48.89733599405237, 0.0]]}, "to_flatlandia": 0.0033780547666424354}