{"to_principal_plane": [[-0.813182396399013, -0.4711715980663564, 0.34166023380304994], [-0.31000278996874137, -0.14618261450763048, -0.9394301003413239], [-0.49257756790007706, 0.8698436459452409, 0.02719138117741309]], "to_mapillary": {"rotation": [[-0.6619524165848826, 0.7495458612903111, 0.0], [0.7495458612903111, 0.6619524165848827, 0.0], [0.0, 0.0, 1.0]], "scaling_factor_sfm_to_gps": 8.024366193929378e-05, "translation": [[-9.13902630362641, 38.71488407891935, 0.0]]}, "to_flatlandia": 0.0033780547666424354}