{"to_principal_plane": [[0.8194416804949054, -0.5708674019249415, 0.05124199144405904], [-0.021440428506585226, 0.05880931917356076, 0.9980389631691723], [0.5727614165541701, 0.8189333754328307, -0.03595116561463179]], "to_mapillary": {"rotation": [[0.1699751106396458, -0.9854483557056862, 0.0], [0.9854483557056861, 0.16997511063964582, 0.0], [0.0, 0.0, 1.0]], "scaling_factor_sfm_to_gps": 8.630870821699678e-05, "translation": [[-9.137903408376237, 38.71381599939569, 0.0]]}, "to_flatlandia": 0.0033780547666424354}