{"to_principal_plane": [[0.9675776351566184, 0.2504734583665613, -0.03250487038307289], [0.03158554704728017, 0.007690322011041439, 0.9994714664086666], [-0.25059104765025, 0.9680929219869655, 0.000470357618295709]], "to_mapillary": {"rotation": [[-0.07513378894770176, -0.9971734622212736, 0.0], [0.9971734622212736, -0.07513378894770176, 0.0], [0.0, 0.0, 1.0]], "scaling_factor_sfm_to_gps": 0.00014856379744322627, "translation": [[2.335216003609321, 48.86307617282424, 0.0]]}, "to_flatlandia": 0.0033780547666424354}