{"to_principal_plane": [[0.40934098293622984, 0.9069225441204446, -0.09965670401383604], [0.0488126763039518, -0.13083941428732226, -0.9902011766812823], [0.9110747951298219, -0.4004654125327814, 0.0978272510300803]], "to_mapillary": {"rotation": [[0.667105608658854, 0.7449631580795794, 0.0], [0.7449631580795792, -0.6671056086588539, 0.0], [0.0, 0.0, 1.0]], "scaling_factor_sfm_to_gps": 0.00015131390671906396, "translation": [[2.1933903260347845, 41.397635760092086, 0.0]]}, "to_flatlandia": 0.0033780547666424354}