{"to_principal_plane": [[0.9225272876760526, -0.37893524327876904, 0.07315384401605708], [-0.0651794791222063, 0.03384860624132356, 0.9972993068065764], [0.38038801110763665, 0.9248039539582322, -0.006527461129466739]], "to_mapillary": {"rotation": [[0.9712114717772244, -0.23821896878359164, 0.0], [0.23821896878359164, 0.9712114717772244, 0.0], [0.0, 0.0, 1.0]], "scaling_factor_sfm_to_gps": 0.00012281594742669875, "translation": [[13.404948041589094, 52.52957070635635, 0.0]]}, "to_flatlandia": 0.0033780547666424354}