{"to_principal_plane": [[0.8145887606507765, 0.5797291485598325, -0.018954295859350483], [0.018550697826397764, 0.006622797082948103, 0.9998059862638111], [-0.5797422035970694, 0.814782334656864, 0.005359524188248874]], "to_mapillary": {"rotation": [[0.9890121536797604, -0.14783423106209564, 0.0], [0.14783423106209564, 0.9890121536797605, 0.0], [0.0, 0.0, 1.0]], "scaling_factor_sfm_to_gps": 0.00010244021951953379, "translation": [[-9.135803423841866, 38.716825472337625, 0.0]]}, "to_flatlandia": 0.0033780547666424354}