{"to_principal_plane": [[0.07377058401242972, -0.9931857329482935, 0.09022195299607524], [-0.05850578752609476, 0.08600259168030128, 0.9945756014754349], [0.9955576195079904, 0.07864892937753458, 0.05176265205098304]],
  "to_mapillary": {"rotation": [[-0.9655114464126087, 0.260360609244624, 0.0], [-0.260360609244624, -0.9655114464126087, 0.0], [0.0, 0.0, 1.0]], "scaling_factor_sfm_to_gps": 7.823930830306149e-05, "translation": [[-9.139066645201163, 38.71496940582971, 0.0]]},
  "to_flatlandia": 0.0033780547666424354}