{"to_principal_plane": [[0.9959660787740261, 0.08435794632681809, -0.03058278638404589], [-0.037245192249485706, 0.07856984134118998, -0.9962126157030532], [-0.08163556569161123, 0.9933330342453843, 0.08139482471919637]], "to_mapillary": {"rotation": [[0.17533031254637943, -0.9845096655200443, 0.0], [0.9845096655200444, 0.17533031254637937, 0.0], [0.0, 0.0, 1.0]], "scaling_factor_sfm_to_gps": 0.00011658954225881858, "translation": [[13.401243823877184, 52.5298706303064, 0.0]]}, "to_flatlandia": 0.0033780547666424354}