{"to_principal_plane": [[0.23370125290905602, 0.9657299749219885, -0.11291297501134473], [-0.011098672985210788, 0.11877079054620458, 0.9928596672093178], [-0.9722451048201297, 0.2307793640042478, -0.03847520374332165]], "to_mapillary": {"rotation": [[-0.7275625483571331, 0.6860413531472241, 0.0], [-0.6860413531472241, -0.7275625483571331, 0.0], [0.0, 0.0, 1.0]], "scaling_factor_sfm_to_gps": 0.0001439916506829274, "translation": [[2.1554539865313407, 41.399855621102716, 0.0]]}, "to_flatlandia": 0.0033780547666424354}