{"to_principal_plane": [[0.27498858136543, 0.9612836504272545, 0.01774890249790355], [0.06956836019713464, -0.0014820016933138253, -0.997576085785171], [0.9589272774189449, -0.2755567946762207, 0.06728246078776501]], "to_mapillary": {"rotation": [[-0.9996070555224408, 0.0280309569896523, 0.0], [0.028030956989652286, 0.9996070555224409, 0.0], [0.0, 0.0, 1.0]], "scaling_factor_sfm_to_gps": 5.261068614283314e-05, "translation": [[2.371554593044662, 48.89881483129368, 0.0]]}, "to_flatlandia": 0.0033780547666424354}