{"to_principal_plane": [[0.6624553066302817, 0.7232634901448705, -0.19504586778714422], [0.08355311923987055, 0.1874081929329337, 0.9787221492777715], [-0.7444271911897545, 0.664656372154118, -0.06371863128049406]], "to_mapillary": {"rotation": [[0.3773033424442932, -0.926089729875223, 0.0], [0.926089729875223, 0.37730334244429325, 0.0], [0.0, 0.0, 1.0]], "scaling_factor_sfm_to_gps": 4.4193921640654374e-05, "translation": [[-9.14080997590816, 38.713545739174954, 0.0]]}, "to_flatlandia": 0.0033780547666424354}