{"to_principal_plane": [[0.8352385442456212, 0.5494141565542816, -0.022817948729079645], [0.13627858195794343, -0.24701984617577, -0.9593796660836786], [0.5327332562417967, -0.798201277982594, 0.2811938788824647]], "to_mapillary": {"rotation": [[-0.8717438478532467, -0.4899619002841097, 0.0], [-0.48996190028410974, 0.8717438478532468, 0.0], [0.0, 0.0, 1.0]], "scaling_factor_sfm_to_gps": 9.950540684928983e-05, "translation": [[2.3703874306520762, 48.90017863601375, 0.0]]}, "to_flatlandia": 0.0033780547666424354}