{"to_principal_plane": [[0.9770459254162114, -0.20713690502451887, 0.049755021901742504], [0.0011532349119409444, 0.23869964201000238, 0.9710927612507132], [0.2130256549733323, 0.9487448463528856, -0.2334593901346067]], "to_mapillary": {"rotation": [[-0.7541449921037955, -0.6567079494606158, 0.0], [0.6567079494606158, -0.7541449921037953, 0.0], [0.0, 0.0, 1.0]], "scaling_factor_sfm_to_gps": 0.0001392492986583771, "translation": [[2.3741593795287135, 48.89741921186079, 0.0]]}, "to_flatlandia": 0.0033780547666424354}