{"to_principal_plane": [[0.7314311970356845, 0.6690331817403524, 0.13192045229351684], [-0.006760451874263679, 0.2005606457022229, -0.9796579626001941], [0.6818817348289963, -0.7156605544012384, -0.1512192797916677]], "to_mapillary": {"rotation": [[0.6296929376957145, 0.7768441312233363, 0.0], [0.7768441312233365, -0.6296929376957145, 0.0], [0.0, 0.0, 1.0]], "scaling_factor_sfm_to_gps": 0.00015216781488291314, "translation": [[2.1933757393627418, 41.39613466182618, 0.0]]}, "to_flatlandia": 0.0033780547666424354}