{"to_principal_plane": [[0.9602386285538488, 0.26263377666279036, -0.09468513921869241], [0.06820179630729653, 0.10820185984127154, 0.9917867071640696], [-0.2707217967092447, 0.9588096040834851, -0.08598751016158658]], "to_mapillary": {"rotation": [[-0.9752496926763612, -0.22110639279465316, 0.0], [0.22110639279465313, -0.9752496926763612, 0.0], [0.0, 0.0, 1.0]], "scaling_factor_sfm_to_gps": 7.277965642282428e-05, "translation": [[-9.143278215667785, 38.71062533688823, 0.0]]}, "to_flatlandia": 0.0033780547666424354}