{"to_principal_plane": [[0.1101359747132314, -0.9926432750164081, -0.05029309732623459], [-0.18838270615918987, 0.028835763067339894, -0.9816722746357182], [-0.9759006215256277, -0.1175917825914033, 0.18382097152629034]], "to_mapillary": {"rotation": [[-0.07290697287177221, 0.9973387455156217, 0.0], [0.9973387455156218, 0.07290697287177206, 0.0], [0.0, 0.0, 1.0]], "scaling_factor_sfm_to_gps": 5.840671380003112e-05, "translation": [[2.3716329273249364, 48.89856556627439, 0.0]]}, "to_flatlandia": 0.0033780547666424354}