{"to_principal_plane": [[0.3065299164952607, 0.9485860536448216, -0.07889175574134456], [0.003787560856432686, 0.08166541437035248, 0.9966526047116306], [-0.9518534890812596, 0.30580264702298154, -0.021440065241751974]], "to_mapillary": {"rotation": [[-0.9624549267333586, 0.2714415480479818, 0.0], [-0.2714415480479818, -0.9624549267333588, 0.0], [0.0, 0.0, 1.0]], "scaling_factor_sfm_to_gps": 0.00013006274648248936, "translation": [[-9.134562339745818, 38.72621193622821, 0.0]]}, "to_flatlandia": 0.0033780547666424354}