{"to_principal_plane": [[0.8533059452352278, -0.5208297570113745, 0.02460341516308407], [0.0016204330689385247, 0.04983497401377336, 0.9987561512009404], [0.5214080340989035, 0.8522046934724774, -0.043368449368144255]], "to_mapillary": {"rotation": [[0.99561046924837, -0.09359376861223892, 0.0], [0.09359376861223892, 0.9956104692483698, 0.0], [0.0, 0.0, 1.0]], "scaling_factor_sfm_to_gps": 0.00012669251830811854, "translation": [[16.386851740194945, 48.20710678717246, 0.0]]}, "to_flatlandia": 0.0033780547666424354}